{"cameraMode":{"drawMode":0,"name":"Shaded","section":"Shading Mode"},"sceneLighting":false,"audioPlay":false,"sceneViewState":{"m_AlwaysRefresh":false,"showFog":true,"showSkybox":false,"showFlares":true,"showImageEffects":true,"showParticleSystems":true,"showVisualEffectGraphs":true,"m_FxEnabled":true},"in2DMode":false,"pivot":{"x":0.3059549927711487,"y":1.5459187030792237,"z":0.4764719307422638},"rotation":{"x":-0.681053638458252,"y":0.002644126769155264,"z":-0.0033659888431429865,"w":-0.7319464087486267},"size":1.5369417667388917,"orthographic":false}