{"cameraMode":{"drawMode":0,"name":"Shaded","section":"Shading Mode"},"sceneLighting":false,"audioPlay":false,"sceneViewState":{"m_AlwaysRefresh":false,"showFog":true,"showSkybox":false,"showFlares":true,"showImageEffects":true,"showParticleSystems":true,"showVisualEffectGraphs":true,"m_FxEnabled":true},"in2DMode":false,"pivot":{"x":0.7366803884506226,"y":2.204447031021118,"z":0.32891786098480227},"rotation":{"x":-0.6508650779724121,"y":0.0016399144660681487,"z":-0.0022798022255301477,"w":-0.7589268684387207},"size":0.6918119192123413,"orthographic":false}